Workbook

Sheet alias
N6: xA
N7: freqency [Hz] | P7: f | Q7: 1200
N8: amplitude | P8: A | Q8: 1
N9: sampl. freqency [Hz] | P9: fs | Q9: 800
N10: sampling time [ms] | P10: Dt | Q10: =1000/$Q$9 -> 1.25
T12: f1 | U12: f2 | V12: f1/fs | W12: f2/fs
T13: 0 | U13: 0 | V13: 0 | W13: 0
T14: 20 | U14: 20 | V14: 0.025 | W14: 0.025
T15: 50 | U15: 50 | V15: 0.0625 | W15: 0.0625
T16: 100 | U16: 100 | V16: 0.125 | W16: 0.125
T17: 200 | U17: 200 | V17: 0.25 | W17: 0.25
T18: 300 | U18: 300 | V18: 0.375 | W18: 0.375
T19: 400 | U19: 400 | V19: 0.5 | W19: 0.5
T20: 500 | U20: 300 | V20: 0.625 | W20: 0.375
T21: 550 | U21: 250 | V21: 0.6875 | W21: 0.3125
T22: 600 | U22: 200 | V22: 0.75 | W22: 0.25
T23: 700 | U23: 100 | V23: 0.875 | W23: 0.125
T24: 800 | U24: 0 | V24: 1 | W24: 0
... T50: 1150 | U50: 350 | V50: 1.4375 | W50: 0.4375

Sheet alias2
AL2: signal | AN2: samples | AP2: aliased | AU2: xB
AK3: i | AL3: t [ms] | AM3: xA | AN3: t [ms] | AO3: xAs | AP3: xB | AU3: freqency [Hz] | AW3: f* | AX3: =POWER(-1,$AX$4)*alias!$Q$7+POWER(-1,$AX$4+1)*INT(($AX$4+1)/2)*alias!$Q$9 -> 400
AK4: 0 | AL4: =AK4/alias2!$AX$7*alias2!$AX$8 -> 0 | AM4: =alias!$Q$8*COS(2*PI()*alias!$Q$7*AL4/1000) -> 1 | AN4: =INT(AL4/alias!$Q$10)*alias!$Q$10 -> 0 | AO4: =alias!$Q$8*COS(2*PI()*alias!$Q$7*AN4/1000) -> 1 | AP4: =alias!$Q$8*COS(2*PI()*alias2!$AX$3*AK4*alias2!$AX$8/alias2!$AX$7/1000) -> 1 | AS4: fs [Hz] | AU4: r | AX4: =INT(2*alias!$Q$7/alias!$Q$9) -> 3
AK5: 1 | AL5: =AK5/alias2!$AX$7*alias2!$AX$8 -> 0.002 | AM5: =alias!$Q$8*COS(2*PI()*alias!$Q$7*AL5/1000) -> 0.9998863 | AN5: =INT(AL5/alias!$Q$10)*alias!$Q$10 -> 0 | AO5: =alias!$Q$8*COS(2*PI()*alias!$Q$7*AN5/1000) -> 1 | AP5: =alias!$Q$8*COS(2*PI()*alias2!$AX$3*AK5*alias2!$AX$8/alias2!$AX$7/1000) -> 0.99998737 | AS5: 100 | AU5: amplitude | AW5: A* | AX5: =alias!Q8 -> 1
AK6: 2 | AL6: =AK6/alias2!$AX$7*alias2!$AX$8 -> 0.004 | AM6: =alias!$Q$8*COS(2*PI()*alias!$Q$7*AL6/1000) -> 0.99954524 | AN6: =INT(AL6/alias!$Q$10)*alias!$Q$10 -> 0 | AO6: =alias!$Q$8*COS(2*PI()*alias!$Q$7*AN6/1000) -> 1 | AP6: =alias!$Q$8*COS(2*PI()*alias2!$AX$3*AK6*alias2!$AX$8/alias2!$AX$7/1000) -> 0.99994947
AK7: 3 | AL7: =AK7/alias2!$AX$7*alias2!$AX$8 -> 0.006 | AM7: =alias!$Q$8*COS(2*PI()*alias!$Q$7*AL7/1000) -> 0.99897689 | AN7: =INT(AL7/alias!$Q$10)*alias!$Q$10 -> 0 | AO7: =alias!$Q$8*COS(2*PI()*alias!$Q$7*AN7/1000) -> 1 | AP7: =alias!$Q$8*COS(2*PI()*alias2!$AX$3*AK7*alias2!$AX$8/alias2!$AX$7/1000) -> 0.9998863 | AU7: samples | AW7: N | AX7: 5000
AK8: 4 | AL8: =AK8/alias2!$AX$7*alias2!$AX$8 -> 0.008 | AM8: =alias!$Q$8*COS(2*PI()*alias!$Q$7*AL8/1000) -> 0.99818139 | AN8: =INT(AL8/alias!$Q$10)*alias!$Q$10 -> 0 | AO8: =alias!$Q$8*COS(2*PI()*alias!$Q$7*AN8/1000) -> 1 | AP8: =alias!$Q$8*COS(2*PI()*alias2!$AX$3*AK8*alias2!$AX$8/alias2!$AX$7/1000) -> 0.99979788 | AU8: duration [ms] | AW8: T | AX8: 10
AK9: 5 | AL9: =AK9/alias2!$AX$7*alias2!$AX$8 -> 0.01 | AM9: =alias!$Q$8*COS(2*PI()*alias!$Q$7*AL9/1000) -> 0.9971589 | AN9: =INT(AL9/alias!$Q$10)*alias!$Q$10 -> 0 | AO9: =alias!$Q$8*COS(2*PI()*alias!$Q$7*AN9/1000) -> 1 | AP9: =alias!$Q$8*COS(2*PI()*alias2!$AX$3*AK9*alias2!$AX$8/alias2!$AX$7/1000) -> 0.99968419 | AU9: gen. time [ms] | AW9: dt | AX9: =$AX$8/$AX$7 -> 0.002
AK10: 6 | AL10: =AK10/alias2!$AX$7*alias2!$AX$8 -> 0.012 | AM10: =alias!$Q$8*COS(2*PI()*alias!$Q$7*AL10/1000) -> 0.99590967 | AN10: =INT(AL10/alias!$Q$10)*alias!$Q$10 -> 0 | AO10: =alias!$Q$8*COS(2*PI()*alias!$Q$7*AN10/1000) -> 1 | AP10: =alias!$Q$8*COS(2*PI()*alias2!$AX$3*AK10*alias2!$AX$8/alias2!$AX$7/1000) -> 0.99954524
AK11: 7 | AL11: =AK11/alias2!$AX$7*alias2!$AX$8 -> 0.014 | AM11: =alias!$Q$8*COS(2*PI()*alias!$Q$7*AL11/1000) -> 0.99443398 | AN11: =INT(AL11/alias!$Q$10)*alias!$Q$10 -> 0 | AO11: =alias!$Q$8*COS(2*PI()*alias!$Q$7*AN11/1000) -> 1 | AP11: =alias!$Q$8*COS(2*PI()*alias2!$AX$3*AK11*alias2!$AX$8/alias2!$AX$7/1000) -> 0.99938104
AK12: 8 | AL12: =AK12/alias2!$AX$7*alias2!$AX$8 -> 0.016 | AM12: =alias!$Q$8*COS(2*PI()*alias!$Q$7*AL12/1000) -> 0.99273216 | AN12: =INT(AL12/alias!$Q$10)*alias!$Q$10 -> 0 | AO12: =alias!$Q$8*COS(2*PI()*alias!$Q$7*AN12/1000) -> 1 | AP12: =alias!$Q$8*COS(2*PI()*alias2!$AX$3*AK12*alias2!$AX$8/alias2!$AX$7/1000) -> 0.99919159
AK13: 9 | AL13: =AK13/alias2!$AX$7*alias2!$AX$8 -> 0.018 | AM13: =alias!$Q$8*COS(2*PI()*alias!$Q$7*AL13/1000) -> 0.9908046 | AN13: =INT(AL13/alias!$Q$10)*alias!$Q$10 -> 0 | AO13: =alias!$Q$8*COS(2*PI()*alias!$Q$7*AN13/1000) -> 1 | AP13: =alias!$Q$8*COS(2*PI()*alias2!$AX$3*AK13*alias2!$AX$8/alias2!$AX$7/1000) -> 0.99897689
AK14: 10 | AL14: =AK14/alias2!$AX$7*alias2!$AX$8 -> 0.02 | AM14: =alias!$Q$8*COS(2*PI()*alias!$Q$7*AL14/1000) -> 0.98865174 | AN14: =INT(AL14/alias!$Q$10)*alias!$Q$10 -> 0 | AO14: =alias!$Q$8*COS(2*PI()*alias!$Q$7*AN14/1000) -> 1 | AP14: =alias!$Q$8*COS(2*PI()*alias2!$AX$3*AK14*alias2!$AX$8/alias2!$AX$7/1000) -> 0.99873696
AK15: 11 | AL15: =AK15/alias2!$AX$7*alias2!$AX$8 -> 0.022 | AM15: =alias!$Q$8*COS(2*PI()*alias!$Q$7*AL15/1000) -> 0.98627408 | AN15: =INT(AL15/alias!$Q$10)*alias!$Q$10 -> 0 | AO15: =alias!$Q$8*COS(2*PI()*alias!$Q$7*AN15/1000) -> 1 | AP15: =alias!$Q$8*COS(2*PI()*alias2!$AX$3*AK15*alias2!$AX$8/alias2!$AX$7/1000) -> 0.99847179
AK16: 12 | AL16: =AK16/alias2!$AX$7*alias2!$AX$8 -> 0.024 | AM16: =alias!$Q$8*COS(2*PI()*alias!$Q$7*AL16/1000) -> 0.98367214 | AN16: =INT(AL16/alias!$Q$10)*alias!$Q$10 -> 0 | AO16: =alias!$Q$8*COS(2*PI()*alias!$Q$7*AN16/1000) -> 1 | AP16: =alias!$Q$8*COS(2*PI()*alias2!$AX$3*AK16*alias2!$AX$8/alias2!$AX$7/1000) -> 0.99818139
AK17: 13 | AL17: =AK17/alias2!$AX$7*alias2!$AX$8 -> 0.026 | AM17: =alias!$Q$8*COS(2*PI()*alias!$Q$7*AL17/1000) -> 0.98084652 | AN17: =INT(AL17/alias!$Q$10)*alias!$Q$10 -> 0 | AO17: =alias!$Q$8*COS(2*PI()*alias!$Q$7*AN17/1000) -> 1 | AP17: =alias!$Q$8*COS(2*PI()*alias2!$AX$3*AK17*alias2!$AX$8/alias2!$AX$7/1000) -> 0.99786577
AK18: 14 | AL18: =AK18/alias2!$AX$7*alias2!$AX$8 -> 0.028 | AM18: =alias!$Q$8*COS(2*PI()*alias!$Q$7*AL18/1000) -> 0.97779787 | AN18: =INT(AL18/alias!$Q$10)*alias!$Q$10 -> 0 | AO18: =alias!$Q$8*COS(2*PI()*alias!$Q$7*AN18/1000) -> 1 | AP18: =alias!$Q$8*COS(2*PI()*alias2!$AX$3*AK18*alias2!$AX$8/alias2!$AX$7/1000) -> 0.99752494
AK19: 15 | AL19: =AK19/alias2!$AX$7*alias2!$AX$8 -> 0.03 | AM19: =alias!$Q$8*COS(2*PI()*alias!$Q$7*AL19/1000) -> 0.97452687 | AN19: =INT(AL19/alias!$Q$10)*alias!$Q$10 -> 0 | AO19: =alias!$Q$8*COS(2*PI()*alias!$Q$7*AN19/1000) -> 1 | AP19: =alias!$Q$8*COS(2*PI()*alias2!$AX$3*AK19*alias2!$AX$8/alias2!$AX$7/1000) -> 0.9971589
AK20: 16 | AL20: =AK20/alias2!$AX$7*alias2!$AX$8 -> 0.032 | AM20: =alias!$Q$8*COS(2*PI()*alias!$Q$7*AL20/1000) -> 0.97103428 | AN20: =INT(AL20/alias!$Q$10)*alias!$Q$10 -> 0 | AO20: =alias!$Q$8*COS(2*PI()*alias!$Q$7*AN20/1000) -> 1 | AP20: =alias!$Q$8*COS(2*PI()*alias2!$AX$3*AK20*alias2!$AX$8/alias2!$AX$7/1000) -> 0.99676767
AK21: 17 | AL21: =AK21/alias2!$AX$7*alias2!$AX$8 -> 0.034 | AM21: =alias!$Q$8*COS(2*PI()*alias!$Q$7*AL21/1000) -> 0.96732088 | AN21: =INT(AL21/alias!$Q$10)*alias!$Q$10 -> 0 | AO21: =alias!$Q$8*COS(2*PI()*alias!$Q$7*AN21/1000) -> 1 | AP21: =alias!$Q$8*COS(2*PI()*alias2!$AX$3*AK21*alias2!$AX$8/alias2!$AX$7/1000) -> 0.99635126
... AK5004: 5000 | AL5004: =AK5004/alias2!$AX$7*alias2!$AX$8 -> 10 | AM5004: =alias!$Q$8*COS(2*PI()*alias!$Q$7*AL5004/1000) -> 1 | AN5004: =INT(AL5004/alias!$Q$10)*alias!$Q$10 -> 10 | AO5004: =alias!$Q$8*COS(2*PI()*alias!$Q$7*AN5004/1000) -> 1 | AP5004: =alias!$Q$8*COS(2*PI()*alias2!$AX$3*AK5004*alias2!$AX$8/alias2!$AX$7/1000) -> 1
